{"berhu": 0.0020512454211711884, "rmse": 0.00122090766672045, "delta1": 0.0, "delta2": 0.0, "delta3": 1.8305004232388455e-06, "rel_abs_diff": 0.0020319714676588774, "rel_sqr_diff": 0.004676579497754574}