{"berhu": 9.263751029968262, "rmse": 4.929378032684326, "delta1": 0.0002390073932474479, "delta2": 0.03856268152594566, "delta3": 0.19166165590286255, "rel_abs_diff": 5.758998870849609, "rel_sqr_diff": 25.474742889404297}