{"berhu": 8.336055755615234, "rmse": 4.588733196258545, "delta1": 0.022490521892905235, "delta2": 0.1577271819114685, "delta3": 0.3017762005329132, "rel_abs_diff": 6.817573547363281, "rel_sqr_diff": 35.641204833984375}