{"berhu": 0.0009338882518932223, "rmse": 0.0008525978773832321, "delta1": 4.738631469081156e-05, "delta2": 0.00014670962991658598, "delta3": 0.0002753138542175293, "rel_abs_diff": 0.0006173016154207289, "rel_sqr_diff": 0.001191035844385624}